Timepoint,Fraction,StdDev
1,0.25339304,0.051781523
2,0.285464069,0.080192897
3,0.273255726,0.043919357
4,0.234858956,0.041650159